Player,Elo,Score,game_count,player_name,Pos,team,dob
Aaron Ekblad,1525.73359,67.06597472,69,Aaron Ekblad,D,FLA,2/7/96
Adam Clendening,1482.23784,22.47266291,81,Adam Clendening,D,EDM,10/26/92
Adam Cracknell,1487.10443,27.46205533,42,Adam Cracknell,R,EDM,7/15/85
Adam Henrique,1507.98175,48.86618885,125,Adam Henrique,C,NJD,2/6/90
Adam Larsson,1512.45072,53.44792781,68,Adam Larsson,D,NJD,11/12/92
Adam Lowry,1482.44489,22.68493756,102,Adam Lowry,C,WPG,3/29/93
Adam McQuaid,1498.72312,39.37392869,123,Adam McQuaid,D,BOS,10/12/86
Adam Pardy,1485.26017,25.57125769,109,Adam Pardy,D,EDM,3/29/84
Adam Pelech,1496.10042,36.68504808,16,Adam Pelech,D,NYI,8/16/94
Alec Martinez,1511.53773,52.51189963,133,Alec Martinez,D,LAK,7/26/87
Aleksander Barkov,1526.57,67.92349049,90,Aleksander Barkov,C,FLA,9/2/95
Ales Hemsky,1499.21618,39.87943046,86,Ales Hemsky,R,DAL,8/13/83
Alex Biega,1499.01872,39.6769878,20,Alex Biega,D,VAN,4/4/88
Alexander Burmistrov,1497.51749,38.1378761,123,Alexander Burmistrov,C,WPG,10/21/91
Alexandre Burrows,1496.14336,36.72907162,77,Alexandre Burrows,R,VAN,4/11/81
Alex Chiasson,1493.84956,34.3773904,47,Alex Chiasson,R,OTT,10/1/90
Alexander Edler,1516.58066,57.68208177,109,Alexander Edler,D,VAN,4/21/86
Alexei Emelin,1482.15087,22.38349833,125,Alexei Emelin,D,MTL,4/25/86
Alexey Marchenko,1486.69388,27.0411456,63,Alexey Marchenko,D,DET,1/2/92
Alex Galchenyuk,1528.57415,69.97821276,97,Alex Galchenyuk,C,MTL,2/12/94
Alex Goligoski,1521.14979,62.36650816,117,Alex Goligoski,D,DAL,7/30/85
Alex Killorn,1515.63968,56.7173573,115,Alex Killorn,C,TBL,9/14/89
Alex Ovechkin,1544.31053,86.11168097,97,Alex Ovechkin,L,WSH,9/17/85
Alex Petrovic,1485.02311,25.32821578,84,Alex Petrovic,D,FLA,3/3/92
Alex Pietrangelo,1526.90081,68.26264808,107,Alex Pietrangelo,D,STL,1/18/90
Alexander Steen,1530.6336,72.08963045,88,Alexander Steen,L,STL,3/1/84
Alex Tanguay,1508.59853,49.49853253,70,Alex Tanguay,L,ARI,11/21/79
Alexander Wennberg,1488.96329,29.36782138,83,Alexander Wennberg,C,CBJ,9/22/94
Al Montoya,1472.42324,12.41040354,96,Al Montoya,G,FLA,2/13/85
Anders Lee,1519.42548,60.59868731,109,Anders Lee,L,NYI,7/3/90
Anders Lindback,1476.56352,16.65515842,114,Anders Lindback,G,ARI,5/3/88
Anders Nilsson,1485.0477,25.35342627,102,Anders Nilsson,G,STL,3/19/90
Andreas Athanasiou,1502.16639,42.90408538,26,Andreas Athanasiou,C,DET,8/6/94
Andreas Martinsen,1491.34452,31.80913879,18,Andreas Martinsen,L,COL,6/13/90
Andre Burakovsky,1506.32717,47.16985755,91,Andre Burakovsky,L,WSH,2/9/95
Andrei Markov,1518.43554,59.58376739,79,Andrei Markov,D,MTL,12/20/78
Andrei Vasilevskiy,1510.07895,51.01630911,91,Andrei Vasilevskiy,G,TBL,7/25/94
Andrej Nestrasil,1482.41549,22.65479569,114,Andrej Nestrasil,C,CAR,2/22/91
Andrej Sekera,1505.22601,46.04091113,109,Andrej Sekera,D,EDM,6/8/86
Andrej Sustr,1481.67327,21.89384668,121,Andrej Sustr,D,TBL,11/29/90
Andrew Bodnarchuk,1490.29564,30.73379159,25,Andrew Bodnarchuk,D,COL,7/11/88
Andrew Cogliano,1505.25973,46.07548202,104,Andrew Cogliano,L,ANA,6/14/87
Andrew Copp,1476.65692,16.75091525,97,Andrew Copp,C,WPG,7/8/94
Andrew Desjardins,1483.08235,23.33848308,95,Andrew Desjardins,L,CHI,7/27/86
Andrew Ference,1476.84831,16.94713474,84,Andrew Ference,D,EDM,3/17/79
Andrew Hammond,1493.36914,33.88484759,115,Andrew Hammond,G,OTT,2/11/88
Andrew Ladd,1523.51849,64.79497939,95,Andrew Ladd,L,CHI,12/12/85
Andrew MacDonald,1488.0859,28.46829152,53,Andrew MacDonald,D,PHI,9/7/86
Andrew Shaw,1498.78557,39.43795454,135,Andrew Shaw,R,CHI,7/20/91
Andy Andreoff,1470.8359,10.78300896,104,Andy Andreoff,L,LAK,5/17/91
Andy Greene,1505.09258,45.90411419,113,Andy Greene,D,NJD,10/30/82
Anthony Bitetto,1491.56777,32.03802223,31,Anthony Bitetto,D,NSH,7/15/90
Anthony Duclair,1508.19833,49.08823398,30,Anthony Duclair,L,ARI,8/26/95
Anthony Peluso,1476.16413,16.2456903,87,Anthony Peluso,R,WPG,4/18/89
Antoine Roussel,1482.96999,23.22328782,114,Antoine Roussel,L,DAL,11/21/89
Antoine Vermette,1505.59548,46.41970425,93,Antoine Vermette,C,ARI,7/20/82
Anton Forsberg,1495.61508,36.18746112,13,Anton Forsberg,G,CBJ,11/27/92
Anton Lander,1468.35797,8.242551446,144,Anton Lander,C,EDM,4/24/91
Anton Stralman,1539.20194,80.87418198,123,Anton Stralman,D,TBL,8/1/86
Antti Niemi,1496.08213,36.66629656,85,Antti Niemi,G,DAL,8/29/83
Antti Raanta,1491.62203,32.09365141,133,Antti Raanta,G,NYR,5/12/89
Anze Kopitar,1548.83436,90.74966426,125,Anze Kopitar,C,LAK,8/24/87
Artem Anisimov,1503.54708,44.3196154,151,Artem Anisimov,C,CHI,5/24/88
Artemi Panarin,1519.67497,60.85447288,86,Artemi Panarin,L,CHI,10/30/91
Austin Watson,1478.24016,18.37410637,91,Austin Watson,L,NSH,1/13/92
Barret Jackman,1490.66809,31.11563991,84,Barret Jackman,D,NSH,3/5/81
Beau Bennett,1489.86801,30.29537087,94,Beau Bennett,R,PIT,11/27/91
Ben Bishop,1529.78402,71.21861234,110,Ben Bishop,G,TBL,11/21/86
Ben Chiarot,1487.04601,27.40216117,100,Ben Chiarot,D,WPG,5/9/91
Ben Hutton,1499.19688,39.85964345,51,Ben Hutton,D,VAN,4/20/93
Ben Lovejoy,1494.30645,34.84580945,111,Ben Lovejoy,D,PIT,2/20/84
Benoit Pouliot,1508.7848,49.68950283,93,Benoit Pouliot,L,EDM,9/29/86
Ben Scrivens,1479.27531,19.43537711,63,Ben Scrivens,G,MTL,9/11/86
Ben Smith,1471.29802,11.25679,89,Ben Smith,R,TOR,7/11/88
Blake Wheeler,1522.20339,63.44669446,86,Blake Wheeler,R,WPG,8/31/86
Bobby Farnham,1496.96952,37.57607875,13,Bobby Farnham,L,NJD,1/21/89
Bobby Ryan,1516.59435,57.69611722,91,Bobby Ryan,R,OTT,3/17/87
Bo Horvat,1500.30006,40.99066084,67,Bo Horvat,C,VAN,4/5/95
Boone Jenner,1504.43722,45.23221699,135,Boone Jenner,C,CBJ,6/15/93
Boyd Gordon,1480.59994,20.79343252,99,Boyd Gordon,C,ARI,10/19/83
Brad Boyes,1503.6803,44.45619704,39,Brad Boyes,R,TOR,4/17/82
Braden Holtby,1543.3682,85.14557243,114,Braden Holtby,G,WSH,9/16/89
Brad Malone,1469.10862,9.012143176,118,Brad Malone,C,CAR,5/20/89
Brad Marchand,1526.54404,67.89687543,96,Brad Marchand,L,BOS,5/11/88
Brad Richards,1493.21724,33.72911458,67,Brad Richards,C,DET,5/2/80
Brad Richardson,1488.33633,28.72504081,87,Brad Richardson,R,ARI,2/4/85
Brad Stuart,1475.93968,16.01557658,96,Brad Stuart,D,COL,11/6/79
Brandon Bollig,1460.31829,0,128,Brandon Bollig,L,CGY,1/31/87
Brandon Davidson,1486.73455,27.08284186,63,Brandon Davidson,D,EDM,8/21/91
Brandon Dubinsky,1524.99736,66.31116686,117,Brandon Dubinsky,C,CBJ,4/29/86
Brandon Manning,1482.86302,23.11361856,112,Brandon Manning,D,PHI,6/4/90
Brandon Mashinter,1488.56449,28.95895815,26,Brandon Mashinter,L,CHI,9/20/88
Brandon Pirri,1499.68542,40.36051115,122,Brandon Pirri,C,ANA,4/10/91
Brandon Saad,1528.23526,69.63077128,96,Brandon Saad,L,CBJ,10/27/92
Brandon Sutter,1477.74464,17.86608253,120,Brandon Sutter,C,VAN,2/14/89
Brayden McNabb,1507.08676,47.94861487,112,Brayden McNabb,D,LAK,1/21/91
Brayden Schenn,1501.65621,42.38103162,115,Brayden Schenn,C,PHI,8/22/91
Braydon Coburn,1509.52582,50.44922156,112,Braydon Coburn,D,TBL,2/27/85
Brendan Gallagher,1521.30871,62.52943831,84,Brendan Gallagher,R,MTL,5/6/92
Brendan Gaunce,1489.68484,30.1075788,30,Brendan Gaunce,C,VAN,3/25/94
Brendan Smith,1498.1151,38.75056606,105,Brendan Smith,D,DET,2/8/89
Brenden Dillon,1484.13065,24.41323564,119,Brenden Dillon,D,SJS,11/13/90
Brent Burns,1541.87398,83.61364762,133,Brent Burns,D,SJS,3/9/85
Brent Seabrook,1527.20741,68.57698475,143,Brent Seabrook,D,CHI,4/20/85
Brett Connolly,1499.08991,39.74997419,120,Brett Connolly,R,BOS,5/2/92
Brett Pesce,1495.00894,35.56602593,17,Brett Pesce,D,CAR,11/15/94
Brett Ritchie,1498.62869,39.27711587,27,Brett Ritchie,R,DAL,7/1/93
Brian Boyle,1504.76708,45.5704006,121,Brian Boyle,C,TBL,12/18/84
Brian Campbell,1510.70159,51.65466067,83,Brian Campbell,D,FLA,5/23/79
Brian Dumoulin,1477.51905,17.63480004,117,Brian Dumoulin,D,PIT,9/6/91
Brian Elliott,1515.93866,57.02388169,122,Brian Elliott,G,STL,4/9/85
Brian Flynn,1461.066,0.766577543,126,Brian Flynn,C,MTL,7/26/88
Brian Gionta,1490.85935,31.31172612,68,Brian Gionta,R,BUF,1/18/79
Brian Strait,1477.69101,17.81109924,100,Brian Strait,D,NYI,1/4/88
Brock Nelson,1515.30986,56.3792147,114,Brock Nelson,L,NYI,10/15/91
Brooks Laich,1485.58974,25.90914399,112,Brooks Laich,C,TOR,6/23/83
Brooks Orpik,1497.52262,38.14313555,92,Brooks Orpik,D,WSH,9/26/80
Bryan Little,1516.02516,57.11256441,123,Bryan Little,C,WPG,11/12/87
Bryan Rust,1496.23702,36.82509502,24,Bryan Rust,R,PIT,5/11/92
Byron Froese,1488.30028,28.68808113,32,Byron Froese,C,TOR,3/12/91
Cal Clutterbuck,1479.87794,20.05321373,102,Cal Clutterbuck,R,NYI,11/18/87
Calle Jarnkrok,1492.65955,33.15735196,125,Calle Jarnkrok,C,NSH,9/25/91
Cal OReilly,1496.21422,36.80171969,16,Cal OReilly,C,BUF,9/30/86
Calvin de Haan,1499.46174,40.13118686,97,Calvin de Haan,D,NYI,5/9/91
Calvin Pickard,1498.92735,39.58331219,28,Calvin Pickard,G,COL,4/15/92
Cam Atkinson,1502.39926,43.14283157,100,Cam Atkinson,R,CBJ,6/5/89
Cam Fowler,1526.88306,68.24445018,114,Cam Fowler,D,ANA,12/5/91
Cam Talbot,1505.32611,46.14353703,128,Cam Talbot,G,EDM,7/5/87
Cam Ward,1482.337,22.57432509,117,Cam Ward,G,CAR,2/29/84
Carey Price,1548.91753,90.83493295,136,Carey Price,G,MTL,8/16/87
Carl Gunnarsson,1486.39789,26.73768666,124,Carl Gunnarsson,D,STL,11/9/86
Carl Hagelin,1522.60132,63.85466573,109,Carl Hagelin,L,PIT,8/23/88
Carlo Colaiacovo,1492.55799,33.05322921,105,Carlo Colaiacovo,D,BUF,1/27/83
Carl Soderberg,1508.15165,49.04037606,105,Carl Soderberg,C,COL,10/12/85
Carter Hutton,1462.61374,2.35337286,146,Carter Hutton,G,NSH,12/19/85
Casey Cizikas,1478.19553,18.32835018,109,Casey Cizikas,C,NYI,2/27/91
Cedric Paquette,1479.60168,19.76998265,102,Cedric Paquette,C,TBL,8/13/93
Chad Johnson,1472.60388,12.59560177,112,Chad Johnson,G,BUF,6/10/86
Charles Hudon,1497.43556,38.0538787,9,Charles Hudon,L,MTL,6/23/94
Charlie Coyle,1505.17089,45.98440025,108,Charlie Coyle,C,MIN,3/2/92
Chris Bigras,1496.61827,37.21596539,25,Chris Bigras,D,COL,2/22/95
Chris Kelly,1477.69382,17.81398015,99,Chris Kelly,C,BOS,11/11/80
Chris Kreider,1520.16974,61.3617278,82,Chris Kreider,L,NYR,4/30/91
Chris Kunitz,1502.31622,43.05769616,78,Chris Kunitz,L,PIT,9/26/79
Chris Neil,1476.0499,16.12857785,81,Chris Neil,R,OTT,6/18/79
Chris Phillips,1479.98487,20.16284198,81,Chris Phillips,D,OTT,3/9/78
Chris Porter,1474.04061,14.06858588,104,Chris Porter,L,MIN,5/29/84
Chris Stewart,1486.80487,27.1549363,104,Chris Stewart,R,ANA,10/30/87
Christopher Tanev,1510.4676,51.41476622,100,Christopher Tanev,D,VAN,12/20/89
Chris Terry,1478.39603,18.53390956,93,Chris Terry,L,CAR,4/7/89
Chris Thorburn,1487.61462,27.98511935,80,Chris Thorburn,R,WPG,6/3/83
Christian Ehrhoff,1492.22321,32.71000145,63,Christian Ehrhoff,D,CHI,7/6/82
Chris Tierney,1491.90635,32.38514588,49,Chris Tierney,C,SJS,7/1/94
Chris VandeVelde,1468.51151,8.399965839,112,Chris VandeVelde,C,PHI,3/15/87
Chris Wideman,1485.00051,25.30504549,63,Chris Wideman,D,OTT,1/7/90
Clarke MacArthur,1508.50074,49.39827492,94,Clarke MacArthur,L,OTT,4/6/85
Claude Giroux,1541.84143,83.58027627,112,Claude Giroux,C,PHI,1/12/88
Clayton Stoner,1486.94678,27.30042723,122,Clayton Stoner,D,ANA,2/19/85
Cody Ceci,1493.31912,33.83356539,99,Cody Ceci,D,OTT,12/21/93
Cody Eakin,1498.05412,38.6880473,123,Cody Eakin,C,DAL,5/24/91
Cody Franson,1504.08729,44.87345693,61,Cody Franson,D,BUF,8/8/87
Cody Goloubef,1479.07655,19.23160164,113,Cody Goloubef,D,CBJ,11/30/89
Cody McCormick,1473.45579,13.46900867,106,Cody McCormick,C,BUF,4/18/83
Cody McLeod,1479.83887,20.01315785,80,Cody McLeod,L,COL,6/26/84
Colin Greening,1492.23252,32.71954638,66,Colin Greening,C,TOR,3/9/86
Colin Wilson,1518.93075,60.09147341,104,Colin Wilson,L,NSH,10/20/89
Colton Parayko,1511.62973,52.60622114,59,Colton Parayko,D,STL,5/12/93
Colton Sceviour,1481.99362,22.22228032,97,Colton Sceviour,C,DAL,4/20/89
Colton Sissons,1489.77301,30.19797367,29,Colton Sissons,C,NSH,11/5/93
Connor Carrick,1499.33636,40.00264305,15,Connor Carrick,D,TOR,4/13/94
Connor McDavid,1550.7968,92.76162402,136,Connor McDavid,C,EDM,1/13/97
Connor Murphy,1486.76992,27.11910438,74,Connor Murphy,D,ARI,3/26/93
Conor Sheary,1494.13423,34.66924369,28,Conor Sheary,L,PIT,8/6/92
Corey Crawford,1530.8264,72.28729552,115,Corey Crawford,G,CHI,12/31/84
Corey Perry,1532.94329,74.45760264,96,Corey Perry,R,ANA,5/16/85
Cory Schneider,1538.97753,80.64410927,110,Cory Schneider,G,NJD,3/18/86
Craig Anderson,1509.68703,50.61449949,95,Craig Anderson,G,OTT,5/21/81
Craig Smith,1510.25894,51.20084094,118,Craig Smith,R,NSH,9/5/89
Curtis Lazar,1494.68745,35.23642352,84,Curtis Lazar,R,OTT,2/2/95
Curtis McElhinney,1470.75627,10.7013696,106,Curtis McElhinney,G,CBJ,5/23/83
Dainius Zubrus,1481.43835,21.65299876,67,Dainius Zubrus,C,SJS,6/16/78
Dale Weise,1494.23483,34.77238221,93,Dale Weise,R,CHI,8/5/88
Dalton Prout,1472.87482,12.87337861,115,Dalton Prout,D,CBJ,3/13/90
Damon Severson,1503.99252,44.77629553,97,Damon Severson,D,NJD,8/7/94
Dan Boyle,1501.5327,42.25440499,85,Dan Boyle,D,NYR,7/12/76
Dan Girardi,1487.90873,28.28665085,88,Dan Girardi,D,NYR,4/29/84
Dan Hamhuis,1515.88252,56.96632507,96,Dan Hamhuis,D,VAN,12/13/82
Daniel Carr,1495.4405,36.00847581,14,Daniel Carr,L,MTL,11/1/91
Daniel Catenacci,1490.62597,31.07245706,23,Daniel Catenacci,C,BUF,3/9/93
Daniel Sedin,1516.63451,57.73729061,76,Daniel Sedin,L,VAN,9/26/80
Daniel Winnik,1500.63299,41.33199192,88,Daniel Winnik,L,WSH,3/6/85
Danny DeKeyser,1509.66643,50.59337968,112,Danny DeKeyser,D,DET,3/7/90
Darcy Kuemper,1476.61081,16.70364172,102,Darcy Kuemper,G,MIN,5/5/90
Darnell Nurse,1493.5526,34.07293698,19,Darnell Nurse,D,EDM,2/4/95
Darren Dietz,1489.22283,29.63391055,33,Darren Dietz,D,MTL,7/17/93
Darren Helm,1496.47796,37.07211484,120,Darren Helm,C,DET,1/21/87
Dave Bolland,1485.64503,25.96582916,122,Dave Bolland,C,FLA,6/5/86
David Backes,1529.43987,70.86577814,102,David Backes,C,STL,5/1/84
David Clarkson,1472.44728,12.43505016,100,David Clarkson,R,CBJ,3/31/84
David Desharnais,1497.22239,37.83532962,126,David Desharnais,C,MTL,9/14/86
David Jones,1487.41863,27.78418378,105,David Jones,R,MIN,8/10/84
David Krejci,1534.26648,75.81418171,122,David Krejci,C,BOS,4/28/86
David Legwand,1481.3819,21.59512432,92,David Legwand,C,BUF,8/17/80
David Pastrnak,1512.59066,53.59139903,68,David Pastrnak,R,BOS,5/25/96
David Perron,1515.02423,56.08637718,105,David Perron,L,ANA,5/28/88
David Savard,1486.17449,26.50864944,124,David Savard,D,CBJ,10/22/90
David Schlemko,1489.41255,29.8284179,64,David Schlemko,D,NJD,5/7/87
David Warsofsky,1495.23447,35.7972469,42,David Warsofsky,D,NJD,5/30/90
Dennis Rasmussen,1491.01847,31.47486132,39,Dennis Rasmussen,C,CHI,7/3/90
Dennis Seidenberg,1505.59594,46.42017586,91,Dennis Seidenberg,D,BOS,7/18/81
Dennis Wideman,1496.72597,37.32638307,92,Dennis Wideman,D,CGY,3/20/83
Derek Dorsett,1481.76522,21.98811693,98,Derek Dorsett,R,VAN,12/20/86
Derek MacKenzie,1481.13842,21.3455004,92,Derek MacKenzie,C,FLA,6/11/81
Derek Stepan,1531.51049,72.98864769,127,Derek Stepan,C,NYR,6/18/90
Derick Brassard,1511.07042,52.03279764,111,Derick Brassard,C,NYR,9/22/87
Derrick Pouliot,1503.0318,43.79133294,66,Derrick Pouliot,D,PIT,1/16/94
Deryk Engelland,1475.27715,15.33632845,97,Deryk Engelland,D,CGY,4/3/82
Devan Dubnyk,1524.25463,65.54969498,134,Devan Dubnyk,G,MIN,5/4/86
Devante Smith-Pelly,1492.72308,33.22248506,87,Devante Smith-Pelly,R,NJD,6/14/92
Dion Phaneuf,1512.92944,53.93872772,111,Dion Phaneuf,D,OTT,4/10/85
Dmitrij Jaskin,1489.66866,30.09099052,96,Dmitrij Jaskin,R,STL,3/23/93
Dmitry Kulikov,1510.00203,50.93744813,96,Dmitry Kulikov,D,FLA,10/29/90
Dmitry Orlov,1499.62087,40.29433231,117,Dmitry Orlov,D,WSH,7/23/91
Dominic Moore,1495.69506,36.26945932,86,Dominic Moore,C,NYR,8/3/80
Dominik Simon,1488.74449,29.14350023,31,Dominik Simon,C,PIT,8/8/94
Dougie Hamilton,1524.52329,65.82513428,100,Dougie Hamilton,D,CGY,6/17/93
Drew Doughty,1545.10566,86.9268751,122,Drew Doughty,D,LAK,12/8/89
Drew Miller,1478.4821,18.62215143,91,Drew Miller,L,DET,2/17/84
Drew Stafford,1503.53055,44.30266828,102,Drew Stafford,R,WPG,10/30/85
Duncan Keith,1554.22502,96.27635094,123,Duncan Keith,D,CHI,7/16/83
Dustin Brown,1494.39811,34.93978238,98,Dustin Brown,R,LAK,11/4/84
Dustin Byfuglien,1537.15659,78.77722008,118,Dustin Byfuglien,D,WPG,3/27/85
Dwight King,1480.0598,20.23966275,101,Dwight King,L,LAK,7/5/89
Dylan Larkin,1509.92371,50.85715182,41,Dylan Larkin,C,DET,7/30/96
Dylan McIlrath,1489.77169,30.19662036,49,Dylan McIlrath,D,NYR,4/20/92
Eddie Lack,1502.19571,42.93414524,126,Eddie Lack,G,CAR,1/5/88
Elias Lindholm,1509.02611,49.93690199,71,Elias Lindholm,C,CAR,12/2/94
Emerson Etem,1491.22985,31.69157523,93,Emerson Etem,R,VAN,6/16/92
Eric Fehr,1493.5199,34.03941183,70,Eric Fehr,C,PIT,9/7/85
Eric Gelinas,1501.4954,42.21616377,59,Eric Gelinas,D,COL,5/8/91
Eric Gryba,1472.11722,12.0966615,128,Eric Gryba,D,EDM,4/14/88
Eric Nystrom,1482.55678,22.79965097,100,Eric Nystrom,L,NSH,2/14/83
Eric Staal,1530.62425,72.08004451,115,Eric Staal,C,NYR,10/29/84
Erik Condra,1502.06006,42.79507228,98,Erik Condra,R,TBL,8/6/86
Erik Gudbranson,1497.26693,37.88099353,92,Erik Gudbranson,D,FLA,1/7/92
Erik Gustafsson,1501.15718,41.86940921,34,Erik Gustafsson,D,CHI,3/14/92
Erik Haula,1486.31165,26.6492705,122,Erik Haula,C,MIN,3/23/91
Erik Johnson,1525.46861,66.79430827,110,Erik Johnson,D,COL,3/21/88
Erik Karlsson,1550.48982,92.44689776,136,Erik Karlsson,D,OTT,5/31/90
Evander Kane,1518.96914,60.13083213,91,Evander Kane,L,BUF,8/2/91
Evgeni Malkin,1553.28503,95.31264145,132,Evgeni Malkin,C,PIT,7/31/86
Evgeny Kuznetsov,1518.92225,60.08275892,121,Evgeny Kuznetsov,C,WSH,5/19/92
Evgeny Medvedev,1495.43595,36.003811,20,Evgeny Medvedev,D,PHI,8/27/82
Fedor Tyutin,1490.76951,31.21961912,94,Fedor Tyutin,D,CBJ,7/19/83
Filip Forsberg,1522.5779,63.83065476,85,Filip Forsberg,L,NSH,8/13/94
Francois Beauchemin,1510.01599,50.95176039,87,Francois Beauchemin,D,COL,6/4/80
Frank Corrado,1480.10834,20.28942759,108,Frank Corrado,D,TOR,3/26/93
Frans Nielsen,1497.53074,38.15146045,103,Frans Nielsen,C,NYI,4/24/84
Frederik Andersen,1518.47076,59.61987613,97,Frederik Andersen,G,ANA,10/2/89
Gabriel Bourque,1482.75178,22.99957155,101,Gabriel Bourque,R,NSH,9/23/90
Gabriel Landeskog,1525.9707,67.3090679,84,Gabriel Landeskog,L,COL,11/23/92
Garnet Hathaway,1500.13684,40.82332218,7,Garnet Hathaway,R,CGY,11/23/91
Garret Sparks,1487.27712,27.63910295,29,Garret Sparks,G,TOR,6/28/93
Garrett Wilson,1497.96863,38.60040007,7,Garrett Wilson,L,FLA,3/16/91
Grant Clitsome,1478.30305,18.43858332,103,Grant Clitsome,D,WPG,4/14/85
Gregory Campbell,1475.85016,15.92379765,83,Gregory Campbell,C,CBJ,12/17/83
Greg Pateryn,1479.49699,19.66265093,109,Greg Pateryn,D,MTL,6/20/90
Griffin Reinhart,1486.86157,27.21306706,84,Griffin Reinhart,D,EDM,1/24/94
Gustav Nyquist,1529.97997,71.4195069,91,Gustav Nyquist,R,DET,9/1/89
Hampus Lindholm,1536.68521,78.29394539,111,Hampus Lindholm,D,ANA,1/20/94
Henrik Lundqvist,1556.96802,99.08856718,126,Henrik Lundqvist,G,NYR,3/2/82
Henrik Sedin,1521.67083,62.90069596,72,Henrik Sedin,C,VAN,9/26/80
Henrik Zetterberg,1530.44948,71.90086441,89,Henrik Zetterberg,L,DET,10/9/80
Ian Cole,1508.33119,49.22444654,90,Ian Cole,D,PIT,2/21/89
Iiro Pakarinen,1494.05782,34.59090558,13,Iiro Pakarinen,R,EDM,8/25/91
Jaccob Slavin,1499.02739,39.68587657,27,Jaccob Slavin,D,CAR,5/1/94
Jack Eichel,1514.51672,55.56606078,48,Jack Eichel,C,BUF,10/28/96
Jack Johnson,1500.09975,40.78529626,110,Jack Johnson,D,CBJ,1/13/87
Jack Skille,1488.56977,28.96437138,52,Jack Skille,R,COL,5/19/87
Jacob De La Rose,1489.48433,29.90200918,49,Jacob De La Rose,L,MTL,5/20/95
Jacob Josefson,1471.96745,11.94311224,135,Jacob Josefson,C,NJD,3/2/91
Jacob Markstrom,1480.24996,20.4346212,106,Jacob Markstrom,G,VAN,1/31/90
Jacob Trouba,1515.05273,56.11559634,74,Jacob Trouba,D,WPG,2/26/94
Jaden Schwartz,1529.26686,70.68840244,98,Jaden Schwartz,L,STL,6/25/92
Jake Allen,1501.44042,42.15979642,100,Jake Allen,G,STL,8/7/90
Jake Gardiner,1515.8529,56.93595764,114,Jake Gardiner,D,TOR,7/4/90
Jake McCabe,1489.01288,29.41866272,55,Jake McCabe,D,BUF,10/12/93
Jake Muzzin,1521.84055,63.07469864,113,Jake Muzzin,D,LAK,2/21/89
Jake Virtanen,1497.66355,38.28762175,24,Jake Virtanen,R,VAN,8/17/96
Jakob Silfverberg,1520.17416,61.36625933,99,Jakob Silfverberg,R,ANA,10/13/90
Jakub Kindl,1494.10386,34.63810734,114,Jakub Kindl,D,FLA,2/10/87
Jakub Nakladal,1497.45627,38.07511129,29,Jakub Nakladal,D,CGY,12/30/87
Jakub Voracek,1532.09529,73.5882044,108,Jakub Voracek,R,PHI,8/15/89
James Neal,1521.12728,62.34343014,85,James Neal,R,NSH,9/3/87
James Reimer,1507.50309,48.37545045,113,James Reimer,G,SJS,3/15/88
James van Riemsdyk,1518.01144,59.14896575,103,James van Riemsdyk,L,TOR,5/4/89
James Wisniewski,1489.8399,30.26655155,88,James Wisniewski,D,CAR,2/21/84
Jamie Benn,1547.09833,88.96982768,113,Jamie Benn,L,DAL,7/18/89
Jamie McBain,1486.41975,26.76009827,105,Jamie McBain,D,LAK,2/25/88
Jamie McGinn,1486.49473,26.8369703,98,Jamie McGinn,L,ANA,8/5/88
Jamie Oleksiak,1499.03056,39.68912657,58,Jamie Oleksiak,D,DAL,12/21/92
Jannik Hansen,1497.75663,38.38305051,100,Jannik Hansen,R,VAN,3/15/86
Jared Boll,1474.88988,14.93928617,96,Jared Boll,R,CBJ,5/13/86
Jared McCann,1492.38503,32.87590478,48,Jared McCann,C,VAN,5/31/96
Jared Spurgeon,1522.60982,63.86338022,136,Jared Spurgeon,D,MIN,11/29/89
Jarome Iginla,1516.42472,57.52220682,58,Jarome Iginla,R,COL,7/1/77
Jaromir Jagr,1517.18872,58.30548542,57,Jaromir Jagr,R,FLA,2/15/72
Jaroslav Halak,1517.34181,58.46243846,104,Jaroslav Halak,G,NYI,5/13/85
Jarret Stoll,1489.60083,30.02144892,43,Jarret Stoll,C,MIN,6/24/82
Jason Chimera,1495.10722,35.6667859,79,Jason Chimera,L,WSH,5/2/79
Jason Demers,1504.12239,44.90944264,116,Jason Demers,D,DAL,6/9/88
Jason Garrison,1496.16356,36.74978134,89,Jason Garrison,D,TBL,11/13/84
Jason Pominville,1513.32688,54.34619663,94,Jason Pominville,R,MIN,11/30/82
Jason Spezza,1521.38139,62.6039523,105,Jason Spezza,C,DAL,6/13/83
Jason Zucker,1504.87465,45.680685,107,Jason Zucker,L,MIN,1/16/92
Jay Beagle,1485.87686,26.20350911,95,Jay Beagle,R,WSH,10/16/85
Jay Bouwmeester,1508.17246,49.06171118,112,Jay Bouwmeester,D,STL,9/27/83
Jay McClement,1474.76754,14.81385907,105,Jay McClement,C,CAR,3/2/83
JC Lipon,1492.26325,32.75105181,14,JC Lipon,R,WPG,7/10/93
Jean-Francois Berube,1475.09902,15.15370356,62,Jean-Francois Berube,G,NYI,7/13/91
Jean-Gabriel Pageau,1497.87439,38.50378204,112,Jean-Gabriel Pageau,C,OTT,11/11/92
Jeff Carter,1527.45129,68.82701876,117,Jeff Carter,C,LAK,1/1/85
Jeff Petry,1511.82219,52.80353763,94,Jeff Petry,D,MTL,12/9/87
Jeff Skinner,1516.58088,57.68230733,84,Jeff Skinner,L,CAR,5/16/92
Jeff Zatkoff,1469.92026,9.844263914,80,Jeff Zatkoff,G,PIT,6/9/87
Jesper Fast,1492.48247,32.97580356,77,Jesper Fast,R,NYR,12/2/91
Jhonas Enroth,1488.00924,28.3896971,106,Jhonas Enroth,G,LAK,6/25/88
Jimmy Hayes,1498.11233,38.74772616,98,Jimmy Hayes,R,BOS,11/21/89
Jimmy Howard,1500.3684,41.06072531,111,Jimmy Howard,G,DET,3/26/84
Jiri Hudler,1522.52459,63.77599954,106,Jiri Hudler,R,FLA,1/4/84
Jiri Sekac,1497.42962,38.04778881,104,Jiri Sekac,L,ARI,6/10/92
Jiri Tlusty,1496.37267,36.96416798,52,Jiri Tlusty,L,NJD,3/16/88
Joakim Nordstrom,1475.49073,15.55529788,102,Joakim Nordstrom,L,CAR,2/25/92
Joe Colborne,1488.12001,28.50326224,122,Joe Colborne,C,CGY,1/30/90
Joel Armia,1493.2751,33.7884346,18,Joel Armia,R,WPG,5/31/93
Joel Edmundson,1483.67731,23.94845617,51,Joel Edmundson,D,STL,6/28/93
Joel Ward,1508.85537,49.76185357,81,Joel Ward,R,SJS,12/2/80
Joe Morrow,1486.67859,27.02546978,53,Joe Morrow,D,BOS,12/9/92
Joe Pavelski,1543.1151,84.88608576,122,Joe Pavelski,C,SJS,7/11/84
Joe Thornton,1535.54562,77.12559924,102,Joe Thornton,C,SJS,7/2/79
Joe Vitale,1471.44845,11.41101591,96,Joe Vitale,C,ARI,8/20/85
Joffrey Lupul,1493.93999,34.47010229,101,Joffrey Lupul,L,TOR,9/23/83
Johan Franzen,1492.9331,33.43780465,72,Johan Franzen,R,DET,12/23/79
Johan Larsson,1482.87785,23.12882278,83,Johan Larsson,L,BUF,7/25/92
John Carlson,1531.27224,72.74438574,121,John Carlson,D,WSH,1/10/90
John Gibson,1503.73464,44.51190824,71,John Gibson,G,ANA,7/14/93
John Klingberg,1538.69497,80.35441921,119,John Klingberg,D,DAL,8/14/92
John-Michael Liles,1502.76031,43.51299222,74,John-Michael Liles,D,BOS,11/25/80
John Mitchell,1479.84012,20.01443939,101,John Mitchell,C,COL,1/22/85
John Moore,1483.71527,23.98737404,131,John Moore,D,NJD,11/19/90
Johnny Boychuk,1525.66591,66.99658689,115,Johnny Boychuk,D,NYI,1/19/84
Johnny Gaudreau,1528.15915,69.55274074,101,Johnny Gaudreau,L,CGY,8/13/93
Johnny Oduya,1505.96989,46.80356203,93,Johnny Oduya,D,DAL,10/1/81
John Tavares,1546.97482,88.84320105,115,John Tavares,C,NYI,9/20/90
Jonas Brodin,1513.23356,54.25052182,101,Jonas Brodin,D,MIN,7/12/93
Jonas Gustavsson,1484.44036,24.7307608,66,Jonas Gustavsson,G,BOS,10/24/84
Jonas Hiller,1491.32372,31.78781393,122,Jonas Hiller,G,CGY,2/12/82
Jonathan Bernier,1503.745,44.52252967,94,Jonathan Bernier,G,TOR,8/7/88
Jonathan Ericsson,1496.51501,37.11009975,97,Jonathan Ericsson,D,DET,3/2/84
Jonathan Huberdeau,1530.08468,71.52685913,90,Jonathan Huberdeau,L,FLA,6/4/93
Jonathan Marchessault,1478.34912,18.48581584,109,Jonathan Marchessault,C,TBL,12/27/90
Jonathan Quick,1526.22595,67.57075882,106,Jonathan Quick,G,LAK,1/21/86
Jonathan Toews,1547.28882,89.16512446,148,Jonathan Toews,C,CHI,4/29/88
Joni Ortio,1499.42632,40.09487308,21,Joni Ortio,G,CGY,4/16/91
Jon Merrill,1491.25127,31.71353574,102,Jon Merrill,D,NJD,2/3/92
Joonas Donskoi,1493.6297,34.1519825,58,Joonas Donskoi,R,SJS,4/13/92
Joonas Korpisalo,1495.82832,36.40608197,24,Joonas Korpisalo,G,CBJ,4/28/94
Jordan Eberle,1519.24512,60.41377615,93,Jordan Eberle,R,EDM,5/15/90
Jordan Martinook,1484.47696,24.76828435,45,Jordan Martinook,L,ARI,7/25/92
Jordan Nolan,1461.58499,1.298663618,133,Jordan Nolan,C,LAK,6/23/89
Jordan Oesterle,1496.71936,37.31960627,13,Jordan Oesterle,D,EDM,6/25/92
Jordan Schroeder,1483.27915,23.54024909,70,Jordan Schroeder,C,MIN,9/29/90
Jordan Staal,1510.3121,51.25534237,125,Jordan Staal,C,CAR,9/10/88
Jordan Weal,1478.02862,18.15722842,73,Jordan Weal,C,PHI,4/15/92
Jordie Benn,1490.39104,30.83159889,121,Jordie Benn,D,DAL,7/26/87
Jordin Tootoo,1479.49159,19.65711467,89,Jordin Tootoo,R,NJD,2/2/83
Jori Lehtera,1504.09498,44.88134098,115,Jori Lehtera,C,STL,12/23/87
Joseph Blandisi,1497.00218,37.60956289,15,Joseph Blandisi,L,NJD,7/18/94
Josh Bailey,1507.32508,48.19294859,86,Josh Bailey,R,NYI,10/2/89
Josh Gorges,1484.2162,24.50094439,97,Josh Gorges,D,BUF,8/14/84
Josh Jooris,1490.57499,31.02019065,100,Josh Jooris,C,CGY,7/14/90
Josh Manson,1497.64736,38.27102321,49,Josh Manson,D,ANA,10/7/91
J.T. Brown,1487.4522,27.81860088,89,J.T. Brown,R,TBL,7/2/90
J.T. Miller,1501.60014,42.32354676,105,J.T. Miller,C,NYR,3/14/93
Jussi Jokinen,1520.39362,61.59125713,85,Jussi Jokinen,L,FLA,4/1/83
Justin Abdelkader,1502.33519,43.07714484,104,Justin Abdelkader,L,DET,2/25/87
Justin Braun,1504.7645,45.5677555,108,Justin Braun,D,SJS,2/10/87
Justin Faulk,1537.90575,79.54528422,107,Justin Faulk,D,CAR,3/20/92
Justin Fontaine,1504.3083,45.10004385,89,Justin Fontaine,R,MIN,11/6/87
Justin Schultz,1486.57957,26.92395113,109,Justin Schultz,D,PIT,7/6/90
Justin Williams,1518.41526,59.56297565,77,Justin Williams,R,WSH,10/4/81
Jyrki Jokipakka,1478.83494,18.98389491,115,Jyrki Jokipakka,D,CGY,8/20/91
Kari Lehtonen,1495.42248,35.9900011,105,Kari Lehtonen,G,DAL,11/16/83
Karl Alzner,1509.28629,50.20364731,124,Karl Alzner,D,WSH,9/24/88
Karri Ramo,1490.4023,30.84314303,124,Karri Ramo,G,CGY,7/1/86
Keith Kinkaid,1482.63607,22.88094176,104,Keith Kinkaid,G,NJD,7/4/89
Keith Yandle,1514.01532,55.05200857,114,Keith Yandle,D,NYR,9/9/86
Kenny Agostino,1496.42956,37.02249353,8,Kenny Agostino,L,CGY,4/30/92
Kevan Miller,1486.43005,26.77065818,98,Kevan Miller,D,BOS,11/15/87
Kevin Bieksa,1497.58501,38.20709989,93,Kevin Bieksa,D,ANA,6/16/81
Kevin Connauton,1481.959,22.18678673,119,Kevin Connauton,D,ARI,2/23/90
Kevin Hayes,1516.70301,57.80751913,90,Kevin Hayes,R,NYR,5/8/92
Kevin Klein,1502.51849,43.26507019,123,Kevin Klein,D,NYR,12/13/84
Kevin Porter,1482.66037,22.90585494,42,Kevin Porter,C,PIT,3/12/86
Kevin Shattenkirk,1535.95894,77.54934886,104,Kevin Shattenkirk,D,STL,1/29/89
Klas Dahlbeck,1476.39794,16.48540021,105,Klas Dahlbeck,D,ARI,7/6/91
Korbinian Holzer,1489.67417,30.09663956,78,Korbinian Holzer,D,ANA,2/16/88
Kris Letang,1535.68675,77.27029048,100,Kris Letang,D,PIT,4/24/87
Kris Russell,1504.71946,45.52157897,144,Kris Russell,D,DAL,5/2/87
Kris Versteeg,1499.44013,40.10903156,93,Kris Versteeg,R,LAK,5/13/86
Kyle Brodziak,1486.71043,27.05811322,109,Kyle Brodziak,C,STL,5/25/84
Kyle Chipchura,1479.12308,19.27930577,98,Kyle Chipchura,C,ARI,2/19/86
Kyle Clifford,1477.81643,17.93968406,90,Kyle Clifford,L,LAK,1/13/91
Kyle Okposo,1529.57555,71.00488186,104,Kyle Okposo,R,NYI,4/16/88
Kyle Palmieri,1511.93328,52.91743085,105,Kyle Palmieri,R,NJD,2/1/91
Kyle Quincey,1487.3837,27.74837236,96,Kyle Quincey,D,DET,8/12/85
Kyle Rau,1492.50052,32.99430903,24,Kyle Rau,C,FLA,10/24/92
Kyle Turris,1523.29572,64.56658806,136,Kyle Turris,C,OTT,8/14/89
Ladislav Smid,1466.13142,5.959817193,126,Ladislav Smid,D,CGY,2/1/86
Lance Bouma,1482.81745,23.06689866,128,Lance Bouma,C,CGY,3/25/90
Landon Ferraro,1478.32667,18.46279934,130,Landon Ferraro,C,BOS,8/8/91
Lars Eller,1499.88801,40.56821326,117,Lars Eller,C,MTL,5/8/89
Laurent Brossoit,1491.84096,32.31810584,25,Laurent Brossoit,G,EDM,3/23/93
Lauri Korpikoski,1482.04076,22.27060984,75,Lauri Korpikoski,L,EDM,7/28/86
Lee Stempniak,1503.87611,44.65694807,41,Lee Stempniak,R,BOS,2/4/83
Leo Komarov,1492.85113,33.35376624,130,Leo Komarov,C,TOR,1/23/87
Leon Draisaitl,1507.07779,47.93941853,38,Leon Draisaitl,C,EDM,10/27/95
Linden Vey,1485.0314,25.33671496,67,Linden Vey,R,VAN,7/17/91
Logan Couture,1536.30341,77.90251114,130,Logan Couture,C,SJS,3/28/89
Logan Shaw,1491.15466,31.61448791,16,Logan Shaw,R,FLA,10/5/92
Loui Eriksson,1519.27272,60.4420726,98,Loui Eriksson,R,BOS,7/17/85
Louis Domingue,1495.19164,35.75333614,29,Louis Domingue,G,ARI,3/6/92
Luca Sbisa,1462.80408,2.548515856,109,Luca Sbisa,D,VAN,1/30/90
Lucas Lessio,1493.57363,34.09449764,13,Lucas Lessio,L,MTL,1/23/93
Luke Gazdic,1468.16017,8.039760206,92,Luke Gazdic,L,EDM,7/25/89
Luke Glendening,1479.09622,19.25176799,111,Luke Glendening,C,DET,4/28/89
Luke Schenn,1482.32295,22.55992056,118,Luke Schenn,D,LAK,11/2/89
Magnus Paajarvi,1485.93189,26.25992772,53,Magnus Paajarvi,L,STL,4/12/91
Marc-Andre Fleury,1518.90524,60.06531969,102,Marc-Andre Fleury,G,PIT,11/28/84
Marc-Edouard Vlasic,1538.06059,79.70403141,124,Marc-Edouard Vlasic,D,SJS,3/30/87
Marc Methot,1492.91138,33.41553658,123,Marc Methot,D,OTT,6/21/85
Marco Scandella,1501.53641,42.25820861,108,Marco Scandella,D,MIN,2/23/90
Marc Staal,1496.60156,37.19883374,127,Marc Staal,D,NYR,1/13/87
Marcus Foligno,1491.99932,32.48046186,84,Marcus Foligno,L,BUF,8/10/91
Marcus Johansson,1519.84749,61.03134621,111,Marcus Johansson,L,WSH,10/6/90
Marcus Kruger,1490.48817,30.93117985,130,Marcus Kruger,C,CHI,5/27/90
Marek Zidlicky,1495.90856,36.48834673,44,Marek Zidlicky,D,NYI,2/3/77
Marian Gaborik,1510.30794,51.25107739,89,Marian Gaborik,R,LAK,2/14/82
Marian Hossa,1524.38358,65.68189887,80,Marian Hossa,R,CHI,1/12/79
Mark Barberio,1488.59305,28.98823883,78,Mark Barberio,D,MTL,3/23/90
Mark Borowiecki,1471.0022,10.95350534,122,Mark Borowiecki,D,OTT,7/12/89
Mark Fayne,1481.75963,21.98238587,110,Mark Fayne,D,EDM,5/15/87
Mark Giordano,1543.21058,84.98397508,109,Mark Giordano,D,CGY,10/3/83
Mark Letestu,1472.36909,12.35488713,117,Mark Letestu,C,EDM,2/4/85
Marko Dano,1505.42325,46.24312824,66,Marko Dano,C,WPG,11/30/94
Mark Pysyk,1504.18811,44.976821,61,Mark Pysyk,D,BUF,1/11/92
Mark Scheifele,1521.79483,63.02782495,107,Mark Scheifele,C,WPG,3/15/93
Mark Stone,1528.15703,69.55056725,87,Mark Stone,R,OTT,5/13/92
Mark Streit,1507.20253,48.06730619,82,Mark Streit,D,PHI,12/11/77
Mark Stuart,1492.4461,32.93851581,116,Mark Stuart,D,WPG,4/27/84
Markus Granlund,1481.8313,22.05586437,116,Markus Granlund,C,VAN,4/16/93
Martin Hanzal,1517.45173,58.57513216,127,Martin Hanzal,C,ARI,2/20/87
Martin Jones,1521.36044,62.58247365,143,Martin Jones,G,SJS,1/10/90
Martin Marincin,1485.14884,25.45711842,128,Martin Marincin,D,TOR,2/18/92
Mathieu Perreault,1523.83356,65.11799979,115,Mathieu Perreault,C,WPG,1/5/88
Mats Zuccarello,1516.14686,57.23733536,98,Mats Zuccarello,R,NYR,9/1/87
Matt Bartkowski,1472.75176,12.74721334,116,Matt Bartkowski,D,VAN,6/4/88
Matt Beleskey,1511.26154,52.22874032,94,Matt Beleskey,L,BOS,6/7/88
Matt Calvert,1484.63865,24.9340544,105,Matt Calvert,L,CBJ,12/24/89
Matthew Carle,1496.01735,36.59988191,102,Matthew Carle,D,TBL,9/25/84
Matt Cullen,1488.65392,29.05064481,56,Matt Cullen,C,PIT,11/2/76
Matt Duchene,1533.81995,75.35638407,120,Matt Duchene,C,COL,1/16/91
Matt Dumba,1495.31959,35.8845148,89,Matt Dumba,D,MIN,7/25/94
Matt Greene,1482.9872,23.24093209,141,Matt Greene,D,LAK,5/13/83
Matt Halischuk,1483.53946,23.80712769,57,Matt Halischuk,R,WPG,6/1/88
Matt Hendricks,1483.42027,23.68493008,72,Matt Hendricks,L,EDM,6/17/81
Matthew Murray,1508.39255,49.28735488,37,Matthew Murray,G,PIT,5/25/94
Matt Hunwick,1479.25103,19.41048443,111,Matt Hunwick,D,TOR,5/21/85
Mattias Ekholm,1511.82158,52.80291224,145,Mattias Ekholm,D,NSH,5/24/90
Mattias Janmark,1498.17049,38.80735376,49,Mattias Janmark,C,DAL,12/8/92
Matt Martin,1476.01857,16.09645727,91,Matt Martin,L,NYI,5/8/89
Matt Moulson,1510.25067,51.19236225,89,Matt Moulson,L,BUF,11/1/83
Matt Nieto,1497.22835,37.84144001,95,Matt Nieto,L,SJS,11/5/92
Matt Niskanen,1518.00076,59.13801625,124,Matt Niskanen,D,WSH,12/6/86
Matt Puempel,1492.53457,33.02921824,72,Matt Puempel,L,OTT,1/24/93
Matt Read,1487.39808,27.76311523,98,Matt Read,R,PHI,6/14/86
Matt Stajan,1492.97304,33.47875249,115,Matt Stajan,C,CGY,12/19/83
Matt Tennyson,1480.34673,20.53383307,62,Matt Tennyson,D,SJS,4/23/90
Max Domi,1514.59367,55.64495252,35,Max Domi,L,ARI,3/2/95
Max Pacioretty,1536.63814,78.24568764,104,Max Pacioretty,L,MTL,11/20/88
Melker Karlsson,1488.36968,28.75923236,113,Melker Karlsson,C,SJS,7/18/90
Michael Cammalleri,1506.07622,46.91257514,97,Michael Cammalleri,L,NJD,6/8/82
Michael Del Zotto,1496.47003,37.06398474,147,Michael Del Zotto,D,PHI,6/24/90
Michael Frolik,1523.20664,64.47526024,112,Michael Frolik,R,CGY,2/17/88
Michael Grabner,1509.25329,50.1698146,93,Michael Grabner,R,TOR,10/5/87
Michael Hutchinson,1487.22295,27.58356604,114,Michael Hutchinson,G,WPG,3/2/90
Michael Latta,1475.19155,15.24856844,135,Michael Latta,C,WSH,5/25/91
Michael McCarron,1500.37202,41.06443666,3,Michael McCarron,R,MTL,3/7/95
Michael Raffl,1491.85644,32.33397646,88,Michael Raffl,L,PHI,12/1/88
Michael Stone,1492.36119,32.85146321,129,Michael Stone,D,ARI,6/7/90
Michal Jordan,1474.73082,14.77621249,117,Michal Jordan,D,CAR,7/17/90
Michal Neuvirth,1505.33846,46.15619867,121,Michal Neuvirth,G,PHI,3/23/88
Michal Rozsival,1486.59471,26.93947317,51,Michal Rozsival,D,CHI,9/3/78
Micheal Ferland,1489.4374,29.85389496,85,Micheal Ferland,L,CGY,4/20/92
Miikka Salomaki,1497.70995,38.33519259,14,Miikka Salomaki,R,NSH,3/9/93
Mikael Backlund,1517.10759,58.22230821,114,Mikael Backlund,C,CGY,3/17/89
Mikael Granlund,1505.39188,46.21096666,107,Mikael Granlund,C,MIN,2/26/92
Mika Zibanejad,1514.9221,55.98167005,106,Mika Zibanejad,C,OTT,4/18/93
Mike Blunden,1496.14841,36.73424905,16,Mike Blunden,R,TBL,12/15/86
Mike Brown,1476.29533,16.38020097,84,Mike Brown,R,MTL,6/24/85
Mike Condon,1487.50666,27.87443511,66,Mike Condon,G,MTL,4/27/90
Mike Fisher,1502.55605,43.30357797,92,Mike Fisher,C,NSH,6/5/80
Mike Green,1528.54052,69.94373415,122,Mike Green,D,DET,10/12/85
Mike Hoffman,1522.75242,64.00957855,94,Mike Hoffman,L,OTT,11/24/89
Mike Reilly,1486.70343,27.05093659,71,Mike Reilly,D,MIN,7/13/93
Mike Ribeiro,1505.01207,45.82157262,80,Mike Ribeiro,C,NSH,2/10/80
Mike Richards,1488.63482,29.03106284,37,Mike Richards,C,WSH,2/11/85
Mike Santorelli,1493.91264,34.44206214,55,Mike Santorelli,C,ANA,12/14/85
Mike Sislo,1495.50293,36.07248116,12,Mike Sislo,R,NJD,1/20/88
Mike Smith,1500.84901,41.55346292,90,Mike Smith,G,ARI,3/22/82
Mike Weber,1467.3757,7.235495069,129,Mike Weber,D,WSH,12/16/87
Mikhail Grabovski,1508.87474,49.78171235,110,Mikhail Grabovski,C,NYI,1/31/84
Mikko Koivu,1514.37943,55.42530644,132,Mikko Koivu,C,MIN,3/12/83
Milan Lucic,1518.31823,59.46349722,98,Milan Lucic,L,LAK,6/7/88
Milan Michalek,1497.24407,37.85755669,108,Milan Michalek,L,TOR,12/7/84
Morgan Rielly,1523.07663,64.3419696,93,Morgan Rielly,D,TOR,3/9/94
Nail Yakupov,1501.7373,42.46416782,94,Nail Yakupov,R,EDM,10/6/93
Nate Prosser,1474.78519,14.83195445,95,Nate Prosser,D,MIN,5/7/86
Nate Schmidt,1470.91329,10.86235181,123,Nate Schmidt,D,WSH,7/16/91
Nate Thompson,1479.12218,19.27838306,96,Nate Thompson,C,ANA,10/5/84
Nathan Beaulieu,1489.11783,29.526261,133,Nathan Beaulieu,D,MTL,12/5/92
Nathan Gerbe,1496.54158,37.13734021,101,Nathan Gerbe,L,CAR,7/24/87
Nathan Horton,1479.49906,19.66477316,54,Nathan Horton,R,TOR,5/29/85
Nathan MacKinnon,1529.57114,71.00036057,78,Nathan MacKinnon,C,COL,9/1/95
Nazem Kadri,1522.75036,64.00746657,135,Nazem Kadri,C,TOR,10/6/90
Nick Bjugstad,1519.63326,60.81171038,113,Nick Bjugstad,C,FLA,7/17/92
Nick Bonino,1510.13932,51.07820247,134,Nick Bonino,C,PIT,4/20/88
Nick Cousins,1486.11482,26.44747374,68,Nick Cousins,C,PHI,7/20/93
Nick Foligno,1527.54743,68.92558474,85,Nick Foligno,L,CBJ,10/31/87
Nick Holden,1478.45757,18.59700244,102,Nick Holden,D,COL,5/15/87
Nicklas Backstrom,1541.25511,82.9791612,139,Nicklas Backstrom,C,WSH,11/23/87
Nicklas Grossmann,1475.94247,16.01843698,113,Nicklas Grossmann,D,ARI,1/22/85
Nick Leddy,1537.89039,79.52953663,138,Nick Leddy,D,NYI,3/20/91
Nick Paul,1497.44834,38.06698119,5,Nick Paul,L,OTT,3/20/95
Nick Ritchie,1497.83844,38.46692488,10,Nick Ritchie,L,ANA,12/5/95
Nick Schultz,1476.03973,16.11815122,102,Nick Schultz,D,PHI,8/25/82
Nick Shore,1472.62001,12.61213879,134,Nick Shore,C,LAK,9/26/92
Nick Spaling,1472.91461,12.91417266,125,Nick Spaling,C,SJS,9/19/88
Nicolas Deslauriers,1479.87604,20.05126579,91,Nicolas Deslauriers,L,BUF,2/22/91
Nikita Kucherov,1531.8934,73.38121995,76,Nikita Kucherov,R,TBL,6/17/93
Nikita Nesterov,1495.80048,36.37753947,114,Nikita Nesterov,D,TBL,3/28/93
Nikita Nikitin,1481.45347,21.6685003,74,Nikita Nikitin,D,EDM,6/16/86
Nikita Soshnikov,1504.68669,45.48798206,12,Nikita Soshnikov,R,TOR,10/14/93
Nikita Tryamkin,1495.57184,36.14313002,22,Nikita Tryamkin,D,VAN,8/30/94
Niklas Backstrom,1479.16583,19.32313451,90,Niklas Backstrom,G,CGY,2/13/78
Niklas Hjalmarsson,1530.39618,71.84621945,150,Niklas Hjalmarsson,D,CHI,6/6/87
Niklas Kronwall,1521.69623,62.9267369,93,Niklas Kronwall,D,DET,1/12/81
Nikolaj Ehlers,1505.70326,46.53020395,32,Nikolaj Ehlers,R,WPG,2/14/96
Nikolay Kulemin,1508.38979,49.28452523,99,Nikolay Kulemin,L,NYI,7/14/86
Nino Niederreiter,1514.37132,55.41699179,85,Nino Niederreiter,R,MIN,9/8/92
Noah Hanifin,1509.4726,50.39465861,37,Noah Hanifin,D,CAR,1/25/97
Noel Acciari,1497.25454,37.86829088,23,Noel Acciari,C,BOS,12/1/91
Oliver Ekman-Larsson,1546.62499,88.48454352,135,Oliver Ekman-Larsson,D,ARI,7/17/91
Olli Maatta,1516.52554,57.62557089,96,Olli Maatta,D,PIT,8/22/94
Ondrej Palat,1538.58814,80.24489349,114,Ondrej Palat,L,TBL,3/28/91
Ondrej Pavelec,1495.73695,36.31240636,100,Ondrej Pavelec,G,WPG,8/31/87
Oscar Klefbom,1506.76471,47.61843834,114,Oscar Klefbom,D,EDM,7/20/93
Oscar Lindberg,1492.10106,32.58476915,58,Oscar Lindberg,C,NYR,10/29/91
Pierre-Alexandre Parenteau,1498.15246,38.78886879,95,Pierre-Alexandre Parenteau,R,TOR,3/24/83
Pascal Dupuis,1496.6179,37.21558605,92,Pascal Dupuis,R,PIT,4/7/79
Patrice Bergeron,1546.90169,88.76822571,118,Patrice Bergeron,C,BOS,7/24/85
Patric Hornqvist,1524.74913,66.05667308,105,Patric Hornqvist,R,PIT,1/1/87
Patrick Eaves,1509.66307,50.58993489,93,Patrick Eaves,R,DAL,5/1/84
Patrick Kane,1551.43844,93.41945502,133,Patrick Kane,R,CHI,11/19/88
Patrick Marleau,1519.75951,60.94114615,79,Patrick Marleau,L,SJS,9/15/79
Patrick Maroon,1511.53613,52.51025926,100,Patrick Maroon,L,EDM,4/23/88
Patrick Sharp,1521.26454,62.48415373,88,Patrick Sharp,L,DAL,12/27/81
Patrick Wiercioch,1494.70604,35.25548262,138,Patrick Wiercioch,D,OTT,9/12/90
Patrik Berglund,1510.84744,51.80419101,110,Patrik Berglund,C,STL,6/2/88
Patrik Elias,1499.34637,40.01290564,103,Patrik Elias,C,NJD,4/13/76
Patrik Nemeth,1482.27113,22.50679294,98,Patrik Nemeth,D,DAL,2/8/92
Paul Byron,1484.74496,25.043047,88,Paul Byron,L,MTL,4/27/89
Paul Gaustad,1485.21805,25.52807485,114,Paul Gaustad,C,NSH,2/3/82
Paul Martin,1513.9265,54.96094731,83,Paul Martin,D,SJS,3/5/81
Paul Postma,1492.33525,32.82486864,100,Paul Postma,D,WPG,2/22/89
Paul Stastny,1525.6517,66.98201832,105,Paul Stastny,C,STL,12/27/85
Pavel Datsyuk,1526.66104,68.01682778,69,Pavel Datsyuk,C,DET,7/20/78
Pekka Rinne,1510.7497,51.70398466,143,Pekka Rinne,G,NSH,11/3/82
Peter Holland,1491.23329,31.69510204,124,Peter Holland,C,TOR,1/14/91
Petr Mrazek,1529.53234,70.9605815,128,Petr Mrazek,G,DET,2/14/92
Petter Granberg,1491.5143,31.98320298,24,Petter Granberg,D,NSH,8/27/92
Philipp Grubauer,1483.91989,24.19715738,85,Philipp Grubauer,G,WSH,11/25/91
Phil Kessel,1538.80892,80.4712446,117,Phil Kessel,R,PIT,10/2/87
Phillip Danault,1500.63511,41.33416541,21,Phillip Danault,L,MTL,2/24/93
Phillip Di Giuseppe,1495.11001,35.6696463,17,Phillip Di Giuseppe,L,CAR,10/9/93
Pierre-Edouard Bellemare,1474.49812,14.53764059,82,Pierre-Edouard Bellemare,L,PHI,3/6/85
P.K. Subban,1544.97562,86.7935537,121,P.K. Subban,D,MTL,5/13/89
Quinton Howden,1483.56048,23.82867811,62,Quinton Howden,C,FLA,1/21/92
Radek Faksa,1494.58281,35.12914306,27,Radek Faksa,C,DAL,1/9/94
Radim Vrbata,1507.46503,48.33643005,65,Radim Vrbata,R,VAN,6/13/81
Radko Gudas,1499.23711,39.9008886,95,Radko Gudas,D,PHI,6/5/90
Rasmus Ristolainen,1513.54898,54.57390105,66,Rasmus Ristolainen,D,BUF,10/27/94
Reid Boucher,1488.56575,28.96024994,36,Reid Boucher,L,NJD,9/8/93
Reilly Smith,1512.69377,53.69711088,88,Reilly Smith,R,FLA,4/1/91
Rene Bourque,1485.90851,26.23595776,69,Rene Bourque,R,CBJ,12/10/81
Richard Panik,1490.70363,31.15207672,73,Richard Panik,L,CHI,2/7/91
Rickard Rakell,1506.73784,47.59089031,101,Rickard Rakell,C,ANA,5/5/93
Rick Nash,1535.62458,77.20655169,101,Rick Nash,L,NYR,6/16/84
Riley Nash,1492.44455,32.9369267,113,Riley Nash,C,CAR,5/9/89
Riley Sheahan,1496.60215,37.19943862,110,Riley Sheahan,C,DET,12/7/91
Rinat Valiev,1495.65655,36.22997757,13,Rinat Valiev,D,TOR,5/11/95
R.J. Umberger,1484.60674,24.90133919,88,R.J. Umberger,C,PHI,5/3/82
Robby Fabbri,1502.20225,42.94085027,39,Robby Fabbri,C,STL,1/22/96
Robert Bortuzzo,1483.55714,23.82525382,90,Robert Bortuzzo,D,STL,3/18/89
Roberto Luongo,1529.6422,71.07321369,91,Roberto Luongo,G,FLA,4/4/79
Robin Lehner,1494.5794,35.12564701,107,Robin Lehner,G,BUF,7/24/91
Rob Scuderi,1481.79993,22.02370279,80,Rob Scuderi,D,LAK,12/30/78
Roman Josi,1533.00755,74.52348416,105,Roman Josi,D,NSH,6/1/90
Roman Polak,1476.91202,17.01245239,92,Roman Polak,D,SJS,4/28/86
Ron Hainsey,1491.45706,31.9245186,88,Ron Hainsey,D,CAR,3/24/81
Ryan Callahan,1520.11923,61.30994324,84,Ryan Callahan,R,TBL,3/21/85
Ryan Carter,1486.25315,26.58929432,96,Ryan Carter,L,MIN,8/3/83
Ryan Dzingel,1496.0994,36.68400234,8,Ryan Dzingel,L,OTT,3/9/92
Ryane Clowe,1491.99219,32.47315195,46,Ryane Clowe,L,NJD,9/30/82
Ryan Ellis,1524.4982,65.79941117,124,Ryan Ellis,D,NSH,1/3/91
Ryan Garbutt,1486.88648,27.23860563,80,Ryan Garbutt,C,ANA,8/12/85
Ryan Getzlaf,1533.1986,74.71935507,105,Ryan Getzlaf,C,ANA,5/10/85
Ryan Johansen,1542.64318,84.40225744,116,Ryan Johansen,C,NSH,7/31/92
Ryan Kesler,1522.76956,64.02715106,106,Ryan Kesler,C,ANA,8/31/84
Ryan McDonagh,1532.21176,73.70761338,117,Ryan McDonagh,D,NYR,6/13/89
Ryan Miller,1508.67759,49.57958751,88,Ryan Miller,G,VAN,7/17/80
Ryan Murphy,1505.19154,46.00557133,102,Ryan Murphy,D,CAR,3/31/93
Ryan Murray,1507.94684,48.83039794,104,Ryan Murray,D,CBJ,9/27/93
Ryan Nugent-Hopkins,1517.17146,58.28778989,135,Ryan Nugent-Hopkins,C,EDM,4/12/93
Ryan OReilly,1528.58981,69.99426792,111,Ryan OReilly,C,BUF,2/7/91
Ryan Pulock,1500.19092,40.87876682,46,Ryan Pulock,D,NYI,10/6/94
Ryan Reaves,1474.26885,14.30258524,93,Ryan Reaves,R,STL,1/20/87
Ryan Spooner,1514.41757,55.46440886,132,Ryan Spooner,C,BOS,1/30/92
Ryan Strome,1529.81612,71.25152234,95,Ryan Strome,R,NYI,7/11/93
Ryan Suter,1539.86204,81.55093879,119,Ryan Suter,D,MIN,1/21/85
Ryan White,1474.34523,14.3808926,127,Ryan White,C,PHI,3/17/88
Sam Bennett,1507.35088,48.21939962,45,Sam Bennett,C,CGY,6/20/96
Sam Gagner,1494.04513,34.57789537,113,Sam Gagner,C,PHI,8/10/89
Sami Vatanen,1527.85438,69.24028025,121,Sami Vatanen,D,ANA,6/3/91
Sam Reinhart,1500.33683,41.02835868,51,Sam Reinhart,C,BUF,11/6/95
Scott Darling,1479.48198,19.64726217,113,Scott Darling,G,CHI,12/22/88
Scott Gomez,1494.81043,35.36250677,18,Scott Gomez,C,OTT,12/23/79
Scott Hartnell,1506.61019,47.46001921,89,Scott Hartnell,L,CBJ,4/18/82
Scottie Upshall,1491.64077,32.1128643,46,Scottie Upshall,R,STL,10/7/83
Scott Kosmachuk,1497.12372,37.7341698,7,Scott Kosmachuk,R,WPG,1/24/94
Scott Laughton,1484.22171,24.50659343,68,Scott Laughton,C,PHI,5/30/94
Scott Wilson,1496.49479,37.08936953,8,Scott Wilson,L,PIT,4/24/92
Sean Couturier,1518.70747,59.86255921,99,Sean Couturier,C,PHI,12/7/92
Sean Monahan,1517.76196,58.89319043,86,Sean Monahan,C,CGY,10/12/94
Semyon Varlamov,1518.54897,59.70005966,108,Semyon Varlamov,G,COL,4/27/88
Sergei Bobrovsky,1518.07585,59.21500106,123,Sergei Bobrovsky,G,CBJ,9/20/88
Sergei Plotnikov,1487.70989,28.08279337,83,Sergei Plotnikov,L,ARI,6/3/90
Sergey Kalinin,1484.07936,24.3606514,69,Sergey Kalinin,C,NJD,3/17/91
Seth Helgeson,1493.90104,34.43016943,20,Seth Helgeson,D,NJD,10/8/90
Seth Jones,1520.65031,61.85442439,79,Seth Jones,D,CBJ,10/3/94
Shane Doan,1502.18631,42.92450804,73,Shane Doan,R,ARI,10/10/76
Shane Prince,1494.4351,34.97770578,70,Shane Prince,C,NYI,11/16/92
Shawn Horcoff,1488.4262,28.81717857,78,Shawn Horcoff,C,ANA,9/17/78
Shawn Matthias,1479.76761,19.94009969,111,Shawn Matthias,C,COL,2/19/88
Shawn Thornton,1484.60484,24.89939125,71,Shawn Thornton,L,FLA,7/23/77
Shayne Gostisbehere,1506.25704,47.09795791,25,Shayne Gostisbehere,D,PHI,4/20/93
Shea Weber,1539.13136,80.80182098,124,Shea Weber,D,NSH,8/14/85
Sidney Crosby,1557.85702,100,158,Sidney Crosby,C,PIT,8/7/87
Simon Despres,1508.84605,49.75229839,113,Simon Despres,D,ANA,7/27/91
Stanislav Galiev,1483.51714,23.78424447,92,Stanislav Galiev,R,WSH,1/17/92
Stefan Matteau,1486.97377,27.32809828,29,Stefan Matteau,C,MTL,2/23/94
Stephane Robidas,1476.6282,16.72147054,83,Stephane Robidas,D,TOR,3/3/77
Stephen Gionta,1472.80682,12.80366271,110,Stephen Gionta,C,NJD,10/9/83
Stephen Johns,1500.03034,40.71413479,25,Stephen Johns,D,DAL,4/18/92
Steve Bernier,1493.01426,33.52101263,49,Steve Bernier,R,NYI,3/31/85
Steve Mason,1534.65619,76.21372556,127,Steve Mason,G,PHI,5/29/88
Steven Kampfer,1477.82636,17.94986463,103,Steven Kampfer,D,FLA,9/24/88
Steven Stamkos,1542.64202,84.40106817,124,Steven Stamkos,C,TBL,2/7/90
Steve Ott,1479.89328,20.06894082,80,Steve Ott,C,STL,8/19/82
Sven Andrighetto,1500.64182,41.34104473,13,Sven Andrighetto,R,MTL,3/21/93
Sven Baertschi,1493.41812,33.93506354,33,Sven Baertschi,L,VAN,10/5/92
Tanner Glass,1467.22496,7.080951331,93,Tanner Glass,L,NYR,11/29/83
Tanner Pearson,1500.94275,41.64956833,79,Tanner Pearson,L,LAK,8/10/92
Taylor Chorney,1480.74148,20.9385441,102,Taylor Chorney,D,WSH,4/27/87
Taylor Hall,1531.65468,73.13647615,95,Taylor Hall,L,EDM,11/14/91
Teddy Purcell,1492.60046,33.09677089,86,Teddy Purcell,R,FLA,9/8/85
Teemu Pulkkinen,1501.74218,42.46917096,38,Teemu Pulkkinen,L,DET,1/2/92
Teuvo Teravainen,1504.03851,44.82344603,100,Teuvo Teravainen,C,CHI,9/11/94
Thomas Greiss,1507.87998,48.76185081,147,Thomas Greiss,G,NYI,1/29/86
Thomas Hickey,1502.72304,43.47478176,105,Thomas Hickey,D,NYI,2/8/89
Thomas Vanek,1512.95009,53.9598988,90,Thomas Vanek,L,MIN,1/19/84
TJ Brodie,1534.67236,76.23030359,120,TJ Brodie,D,CGY,6/7/90
T.J. Oshie,1526.95902,68.32232694,82,T.J. Oshie,R,WSH,12/23/86
Toby Enstrom,1522.078,63.31814039,123,Toby Enstrom,D,WPG,11/5/84
Tobias Rieder,1486.69164,27.03884908,80,Tobias Rieder,R,ARI,1/10/93
Tomas Fleischmann,1493.89314,34.42207008,54,Tomas Fleischmann,L,CHI,5/16/84
Tomas Hertl,1523.39029,64.66354442,104,Tomas Hertl,C,SJS,11/12/93
Tomas Jurco,1497.41816,38.03603963,73,Tomas Jurco,R,DET,12/28/92
Tomas Plekanec,1520.35805,61.55478957,100,Tomas Plekanec,C,MTL,10/31/82
Tomas Tatar,1527.11361,68.48081782,103,Tomas Tatar,L,DET,12/1/90
Tom Gilbert,1485.55028,25.86868826,87,Tom Gilbert,D,MTL,1/10/83
Tom Kuhnhackl,1496.96811,37.57463317,22,Tom Kuhnhackl,R,PIT,1/21/92
Tommy Wingels,1486.71226,27.0599894,135,Tommy Wingels,C,SJS,4/12/88
Tom Wilson,1494.94485,35.50031869,61,Tom Wilson,R,WSH,3/29/94
Torey Krug,1530.62549,72.0813158,105,Torey Krug,D,BOS,4/12/91
Torrey Mitchell,1478.7632,18.91034464,112,Torrey Mitchell,C,MTL,1/30/85
Travis Hamonic,1524.94605,66.25856211,121,Travis Hamonic,D,NYI,8/16/90
Travis Moen,1484.94269,25.24576648,72,Travis Moen,L,DAL,4/6/82
Travis Zajac,1492.90512,33.40911861,123,Travis Zajac,C,NJD,5/13/85
Trevor Daley,1503.83023,44.60991034,107,Trevor Daley,D,PIT,10/9/83
Trevor Lewis,1487.10417,27.46178877,103,Trevor Lewis,C,LAK,1/8/87
Trevor van Riemsdyk,1482.97142,23.2247539,117,Trevor van Riemsdyk,D,CHI,7/24/91
Troy Brouwer,1500.92289,41.62920719,110,Troy Brouwer,R,STL,8/17/85
Tuomo Ruutu,1488.45498,28.8466848,80,Tuomo Ruutu,L,NJD,2/16/83
Tuukka Rask,1537.51589,79.14558658,109,Tuukka Rask,G,BOS,3/10/87
Tyler Bozak,1496.61068,37.20818387,115,Tyler Bozak,C,TOR,3/19/86
Tyler Ennis,1514.46036,55.50827861,114,Tyler Ennis,C,BUF,10/6/89
Tyler Johnson,1540.45014,82.15387877,128,Tyler Johnson,C,TBL,7/29/90
Tyler Kennedy,1496.36579,36.95711437,43,Tyler Kennedy,C,NJD,7/15/86
Tyler Myers,1527.33267,68.70540553,108,Tyler Myers,D,WPG,2/1/90
Tyler Randell,1485.94086,26.26912407,48,Tyler Randell,R,BOS,6/15/91
Tyler Seguin,1549.01852,90.93847131,128,Tyler Seguin,C,DAL,1/31/92
Tyler Toffoli,1527.18548,68.55450138,128,Tyler Toffoli,C,LAK,4/24/92
Tyson Barrie,1515.73247,56.81248874,108,Tyson Barrie,D,COL,7/26/91
Valeri Nichushkin,1517.14188,58.25746347,81,Valeri Nichushkin,R,DAL,3/4/95
Valtteri Filppula,1502.26605,43.00626018,112,Valtteri Filppula,C,TBL,3/20/84
Vernon Fiddler,1486.95368,27.30750134,89,Vernon Fiddler,C,DAL,5/9/80
Victor Bartley,1488.24259,28.6289354,97,Victor Bartley,D,MTL,2/17/88
Victor Hedman,1543.27774,85.05282978,121,Victor Hedman,D,TBL,12/18/90
Victor Rask,1501.21737,41.93111803,130,Victor Rask,C,CAR,3/1/93
Viktor Arvidsson,1485.10315,25.41027549,75,Viktor Arvidsson,L,NSH,4/8/93
Viktor Loov,1492.08202,32.5652487,27,Viktor Loov,D,TOR,11/16/92
Viktor Stalberg,1503.02171,43.78098833,89,Viktor Stalberg,L,NYR,1/17/86
Viktor Tikhonov,1487.98824,28.36816719,79,Viktor Tikhonov,R,ARI,5/12/88
Vincent Lecavalier,1476.5608,16.65236978,89,Vincent Lecavalier,C,LAK,4/21/80
Vincent Trocheck,1508.69023,49.59254647,111,Vincent Trocheck,C,FLA,7/11/93
Vladimir Tarasenko,1547.46452,89.34525803,112,Vladimir Tarasenko,R,STL,12/13/91
Vladislav Namestnikov,1504.31545,45.10737427,134,Vladislav Namestnikov,C,TBL,11/22/92
Wayne Simmonds,1520.52283,61.72372759,94,Wayne Simmonds,R,PHI,8/26/88
William Karlsson,1504.08286,44.86891515,21,William Karlsson,C,CBJ,1/8/93
William Nylander,1498.63393,39.28248809,18,William Nylander,C,TOR,5/1/96
Willie Mitchell,1487.99343,28.37348815,67,Willie Mitchell,D,FLA,4/23/77
Yann Danis,1489.40905,29.82482958,25,Yann Danis,G,NJD,6/21/81
Yannick Weber,1475.38067,15.44246065,117,Yannick Weber,D,VAN,9/23/88
Zach Bogosian,1506.20311,47.04266705,136,Zach Bogosian,D,BUF,7/15/90
Zach Hyman,1495.83138,36.40921919,20,Zach Hyman,C,TOR,6/9/92
Zach Parise,1531.27703,72.74929661,82,Zach Parise,L,MIN,7/28/84
Zach Redmond,1475.73867,15.80949434,89,Zach Redmond,D,COL,7/26/88
Zach Trotman,1483.27284,23.53377986,120,Zach Trotman,D,BOS,8/26/90
Zack Kassian,1489.51103,29.92938292,91,Zack Kassian,R,EDM,1/24/91
Zack Smith,1469.37144,9.281595116,102,Zack Smith,C,OTT,4/5/88
Zbynek Michalek,1492.59666,33.092875,121,Zbynek Michalek,D,ARI,12/23/82
Zdeno Chara,1526.84109,68.20142112,85,Zdeno Chara,D,BOS,3/18/77
Zemgus Girgensons,1489.90304,30.33128481,96,Zemgus Girgensons,C,BUF,1/5/94